PRODID;DESCRIPTION;PRICE1;PRICE2;PRODTYPEID;UNITCOST;SUPPLIERID;origin
71;Simulations Photo Equipment      ;318.4;255.7;1;245.4;3;TPCE
77;Vastest Photo Equipment          ;498.1;442.3;1;420.2;2;TPCE
20;Flake Photo Equipment            ;232.3;204.4;1;194.2;2;TPCE
32;Chartable Photo Equipment        ;410.2;347.4;1;312.7;3;TPCE
35;Chromium Photo Equipment         ;565.5;457.5;1;425.5;9;TPCE
36;Bomber Photo Equipment           ;461.3;400.4;1;380.4;8;TPCE
60;Habitually Manufacturing Equip   ;509.3;419.1;2;394;3;TPCE
61;Courthouses Manufacturing Equip  ;285.6;243.6;2;231.4;6;TPCE
65;Extinguisher Manufacturing Equip ;120.4;98.4;2;90.5;2;TPCE
67;Occlusion Manufacturing Equip    ;199.9;177.3;2;164.9;7;TPCE
70;Escape Manufacturing Equip       ;584.4;523.6;2;507.9;3;TPCE
85;Disallow Manufacturing Equip     ;165.2;145.9;2;144.4;5;TPCE
87;Suing Manufacturing Equip        ;482.2;426.7;2;401.1;6;TPCE
100;Pervasively Manufacturing Equip  ;374.1;334.9;2;308.1;8;TPCE
6;Planetesimal Manufacturing Equip ;347.3;307;2;285.5;6;TPCE
8;Septembers Manufacturing Equip   ;584.3;523;2;517.8;9;TPCE
18;Miniaturizing Manufacturing Equip;456.2;379.6;2;353;8;TPCE
24;Bandage Manufacturing Equip      ;298;267;2;253.7;2;TPCE
34;Sailors Manufacturing Equip      ;340.5;290.4;2;278.8;5;TPCE
40;Insensitivity Manufacturing Equip;200.7;180.4;2;169.6;6;TPCE
44;Birthdays Manufacturing Equip    ;196.6;173.2;2;161.1;6;TPCE
56;Allis Polishing Equipment        ;201.8;176.3;3;160.5;8;TPCE
63;Weeks Polishing Equipment        ;198.8;174.2;3;168.9;7;TPCE
68;Loaves Polishing Equipment       ;425.6;361.3;3;354.1;7;TPCE
81;Palm Polishing Equipment         ;122.4;105.4;3;103.3;3;TPCE
93;Bellowing Polishing Equipment    ;502.6;451.3;3;446.8;6;TPCE
95;Duplicator Polishing Equipment   ;544.3;465.4;3;432.8;7;TPCE
1;Enumerator Polishing Equipment   ;165;142.5;3;135.4;8;TPCE
21;Denigrating Polishing Equipment  ;566;454.5;3;427.2;6;TPCE
25;Chalmers Polishing Equipment     ;289.2;242.6;3;223.2;8;TPCE
26;Subclasses Polishing Equipment   ;282.5;239;3;236.6;10;TPCE
37;Concentrators Polishing Equipment;584.6;524.9;3;482.9;4;TPCE
38;Syntax Polishing Equipment       ;226.7;190.9;3;177.5;5;TPCE
86;Soya Cleaning Supplies           ;406.9;345.9;5;345.9;1;TPCE
90;Curiouser Cleaning Supplies      ;419.4;364.4;5;338.9;5;TPCE
96;Drafty Cleaning Supplies         ;107.1;92.7;5;89;3;TPCE
4;Embodying Cleaning Supplies      ;250.9;213.5;5;207.1;4;TPCE
17;Optima Cleaning Supplies         ;288.4;255.5;5;242.8;8;TPCE
48;Patriarchal Cleaning Supplies    ;351.5;284.8;5;264.8;2;TPCE
50;Restarts Paper Supplies          ;524.4;448.3;6;425.9;1;TPCE
84;Unjust Paper Supplies            ;222.5;182.2;6;176.7;7;TPCE
89;Travel Paper Supplies            ;129.8;108.8;6;103.4;10;TPCE
97;Stickiest Paper Supplies         ;575.9;502.8;6;467.6;3;TPCE
46;Distantly Paper Supplies         ;518.5;436.1;6;418.6;6;TPCE
55;Bumblers Plastic Supplies        ;545.3;466.2;7;447.6;6;TPCE
58;Characterization Plastic Supplies;231.7;185.6;7;168.9;9;TPCE
59;Tonnage Plastic Supplies         ;368.8;315.6;7;309.3;7;TPCE
79;Siena Plastic Supplies           ;155;136.4;7;132.3;3;TPCE
80;Temporally Plastic Supplies      ;477.5;408.3;7;371.5;9;TPCE
91;Scribble Plastic Supplies        ;492.4;405.7;7;397.6;1;TPCE
27;Pinnings Plastic Supplies        ;337.2;302.4;7;287.3;10;TPCE
39;Overlays Plastic Supplies        ;301.1;254.4;7;241.7;7;TPCE
57;South Tray Supplies              ;241.3;205.1;8;203.1;2;TPCE
69;Hits Tray Supplies               ;439.5;359.1;8;341.1;3;TPCE
72;Anthem Tray Supplies             ;134.9;112.4;8;109;9;TPCE
88;Vestiges Tray Supplies           ;231.4;192.1;8;186.3;10;TPCE
92;Behind Tray Supplies             ;166.7;139;8;129.3;7;TPCE
10;Defeated Tray Supplies           ;559.7;476.9;8;448.3;8;TPCE
23;Decided Tray Supplies            ;233.3;202.3;8;198.2;5;TPCE
31;Simplifier Tray Supplies         ;408.8;349.1;8;328.2;10;TPCE
33;Consumable Tray Supplies         ;395.7;347.4;8;337;6;TPCE
41;Consideration Tray Supplies      ;172.6;146.8;8;139.5;8;TPCE
54;Honeymoon Photo Chemicals        ;326.1;292.2;9;271.8;7;TPCE
78;Measured Photo Chemicals         ;318.1;270.7;9;254.4;4;TPCE
12;Travelings Photo Chemicals       ;274.4;242;9;225.1;8;TPCE
14;Engle Photo Chemicals            ;429.9;346.1;9;342.6;3;TPCE
49;Visage Flushing Chemicals        ;567.8;507.6;10;467;7;TPCE
62;Substances Flushing Chemicals    ;507.3;409.9;10;397.6;3;TPCE
98;Barrels Flushing Chemicals       ;135.1;116.6;10;108.4;1;TPCE
9;Millimeters Flushing Chemicals   ;295.6;251.8;10;241.8;7;TPCE
52;Identical Freezing Chemicals     ;578.1;465.9;11;447.3;2;TPCE
53;Ruffle Freezing Chemicals        ;476.4;394.9;11;379.1;4;TPCE
66;Exemplar Freezing Chemicals      ;198.4;160.9;11;152.8;9;TPCE
75;Deferrable Freezing Chemicals    ;145;124.4;11;113.2;2;TPCE
94;Beliefs Freezing Chemicals       ;566.6;483.9;11;454.9;4;TPCE
99;Richards Freezing Chemicals      ;529.4;475.4;11;470.6;5;TPCE
42;Carelessly Freezing Chemicals    ;559.7;467.9;11;425.8;5;TPCE
47;Significants Freezing Chemicals  ;141.6;113.2;11;104.2;5;TPCE
64;Berwick Fillers                  ;583.9;487.5;12;463.1;5;TPCE
74;Flanker Fillers                  ;271.4;236.2;12;219.6;5;TPCE
5;Automobiles Fillers              ;283.8;227.6;12;218.5;8;TPCE
7;Commendation Fillers             ;436.3;380;12;364.8;9;TPCE
15;Disposed Fillers                 ;158.8;138;12;132.5;9;TPCE
29;Bluest Fillers                   ;507.4;428.2;12;398.2;3;TPCE
82;Numerals Covers                  ;102.9;89;13;83.6;2;TPCE
3;Sortie Covers                    ;248.2;213.2;13;206.8;9;TPCE
11;Sulkiness Covers                 ;354.3;289.8;13;272.4;5;TPCE
13;Coward Covers                    ;429.8;349;13;328.1;9;TPCE
16;Enhanced Covers                  ;461;384.4;13;361.4;5;TPCE
22;Whippers Covers                  ;488.6;410.4;13;389.9;1;TPCE
28;Wonderingly Covers               ;547.2;467.3;13;453.3;7;TPCE
43;Blazed Covers                    ;495;416.8;13;404.3;7;TPCE
51;Reflection Lifts                 ;497.9;447.6;14;438.6;9;TPCE
83;Horses Lifts                     ;487.3;402.5;14;366.3;10;TPCE
73;Cosgrove Jacks                   ;298.9;267.8;15;254.4;7;TPCE
76;Scrounge Jacks                   ;301.6;251.2;15;248.7;5;TPCE
2;Tailor Jacks                     ;509.8;429.7;15;399.7;3;TPCE
19;Hesitating Jacks                 ;124.5;100.1;15;96.1;6;TPCE
30;Detectives Jacks                 ;283.3;248.5;15;236.1;1;TPCE
45;Slacking Jacks                   ;495;400;15;388;5;TPCE
