prodID;description;price1;price2;unitCost;prodTypeID;typeDescription;buID;Product_Company_Origin;name;abbr
1;Enumerator Polishing Equipment;165;142.5;120;3;Polishing Equipment;A;PEC ;Processing Equipment;Equipment
2;Planetesimal Manufacturing Equip;347.3;307;250;2;Manufacturing Equip;A;PEC ;Processing Equipment;Equipment
3;Tailor Jacks;509.8;429.7;399.7;15;Jacks;D;PEC ;Miscellaneous ; 
4;Miniaturizing Manufacturing Equip ;456.2;379.6;325;2;Manufacturing Equip;A;PEC ;Processing Equipment;Equipment
5;Flake Photo Equipment ;232.3;204.4;170;1;Photo Equipment;A;PEC ;Processing Equipment;Equipment
6;Denigrating Polishing Equipment ;566;454.5;402;3;Polishing Equipment;A;PEC ;Processing Equipment;Equipment
7;Bandage Manufacturing Equip ;298;267;234;2;Manufacturing Equip;A;PEC ;Processing Equipment;Equipment
8;Chalmers Polishing Equipment;289.2;242.6;215;3;Polishing Equipment;A;PEC ;Processing Equipment;Equipment
9;Defeated Tray Supplies;559.7;476.9;448.3;8;Tray Supplies;B;PEC ;Disposable Supplies ;Supplies 
10;Chartable Photo Equipment ;410.2;347.4;295;9;Photo Chemicals;C;PEC ;Chemicals ;Chemical 
11;Sailors Manufacturing Equip ;340.5;290.4;235;2;Manufacturing Equip;A;PEC ;Processing Equipment;Equipment
12;Chromium Photo Equipment;565.5;457.5;326;1;Photo Equipment;A;PEC ;Processing Equipment;Equipment
13;Coward Covers ;429.8;349;328.1;13;Covers ;D;PEC ;Miscellaneous ; 
14;Travelings Photo Chemicals;274.4;242;225.1;9;Photo Chemicals;C;PEC ;Chemicals ;Chemical 
15;Syntax Polishing Equipment;226.7;190.9;123;3;Polishing Equipment;A;PEC ;Processing Equipment;Equipment
16;Insensitivity Manufacturing Equip ;200.7;180.4;117;2;Manufacturing Equip;A;PEC ;Processing Equipment;Equipment
17;Sortie Covers ;248.2;213.2;206.8;13;Covers ;D;PEC ;Miscellaneous ; 
18;Allis Polishing Equipment ;201.8;176.3;112;3;Polishing Equipment;A;PEC ;Processing Equipment;Equipment
19;Habitually Manufacturing Equip;509.3;419.1;354;2;Manufacturing Equip;A;PEC ;Processing Equipment;Equipment
20;Courthouses Manufacturing Equip ;285.6;243.6;182;2;Manufacturing Equip;A;PEC ;Processing Equipment;Equipment
21;Weeks Polishing Equipment ;198.8;174.2;151;3;Polishing Equipment;A;PEC ;Processing Equipment;Equipment
22;Extinguisher Manufacturing Equip;120.4;98.4;65;2;Manufacturing Equip;A;PEC ;Processing Equipment;Equipment
23;Occlusion Manufacturing Equip ;199.9;177.3;72;2;Manufacturing Equip;A;PEC ;Processing Equipment;Equipment
24;Loaves Polishing Equipment;425.6;361.3;241;3;Polishing Equipment;A;PEC ;Processing Equipment;Equipment
25;Automobiles Fillers ;283.8;227.6;218.5;12;Fillers;D;PEC ;Miscellaneous ; 
26;Simulations Photo Equipment ;318.4;255.7;193;1;Photo Equipment;A;PEC ;Processing Equipment;Equipment
27;Vastest Photo Equipment ;498.1;442.3;294;1;Photo Equipment;A;PEC ;Processing Equipment;Equipment
28;Palm Polishing Equipment;122.4;105.4;87;3;Polishing Equipment;A;PEC ;Processing Equipment;Equipment
29;Millimeters Flushing Chemicals;295.6;251.8;241.8;10;Flushing Chemicals ;C;PEC ;Chemicals ;Chemical 
30;Suing Manufacturing Equip ;482.2;426.7;329;2;Manufacturing Equip;A;PEC ;Processing Equipment;Equipment
31;Bellowing Polishing Equipment ;502.6;451.3;400;3;Polishing Equipment;A;PEC ;Processing Equipment;Equipment
32;Embodying Cleaning Supplies ;250.9;213.5;207.1;5;Cleaning Supplies;B;PEC ;Disposable Supplies ;Supplies 
33;Pervasively Manufacturing Equip ;374.1;334.9;303;2;Manufacturing Equip;A;PEC ;Processing Equipment;Equipment
34;Septembers Manufacturing Equip;584.3;523;217;2;Manufacturing Equip;A;PEC ;Processing Equipment;Equipment
35;Birthdays Manufacturing Equip ;196.6;173.2;115;2;Manufacturing Equip;A;PEC ;Processing Equipment;Equipment
36;Duplicator Polishing Equipment;544.3;465.4;409;3;Polishing Equipment;A;PEC ;Processing Equipment;Equipment
37;Escape Manufacturing Equip;584.4;523.6;463;2;Manufacturing Equip;A;PEC ;Processing Equipment;Equipment
38;Commendation Fillers;436.3;380;364.8;12;Fillers;D;PEC ;Miscellaneous ; 
39;Disallow Manufacturing Equip;165.2;145.9;97;2;Manufacturing Equip;A;PEC ;Processing Equipment;Equipment
40;Subclasses Polishing Equipment;282.5;239;210;3;Polishing Equipment;A;PEC ;Processing Equipment;Equipment
41;Sulkiness Covers;354.3;289.8;272.4;13;Covers ;D;PEC ;Miscellaneous ; 
42;Concentrators Polishing Equipment ;584.6;524.9;472;3;Polishing Equipment;A;PEC ;Processing Equipment;Equipment
43;Bomber Photo Equipment;461.3;400.4;336;1;Photo Equipment;A;PEC ;Processing Equipment;Equipment
1;Enumerator Polishing Equipment;165;142.5;135.4;3;Polishing Equipment;A;TPCE;Processing Equipment;Equipment
2;Tailor Jacks;509.8;429.7;399.7;15;Jacks;D;TPCE;Miscellaneous ; 
3;Sortie Covers ;248.2;213.2;206.8;13;Covers ;D;TPCE;Miscellaneous ; 
4;Embodying Cleaning Supplies ;250.9;213.5;207.1;5;Cleaning Supplies;B;TPCE;Disposable Supplies ;Supplies 
5;Automobiles Fillers ;283.8;227.6;218.5;12;Fillers;D;TPCE;Miscellaneous ; 
6;Planetesimal Manufacturing Equip;347.3;307;285.5;2;Manufacturing Equip;A;TPCE;Processing Equipment;Equipment
7;Commendation Fillers;436.3;380;364.8;12;Fillers;D;TPCE;Miscellaneous ; 
8;Septembers Manufacturing Equip;584.3;523;517.8;2;Manufacturing Equip;A;TPCE;Processing Equipment;Equipment
9;Millimeters Flushing Chemicals;295.6;251.8;241.8;10;Flushing Chemicals ;C;TPCE;Chemicals ;Chemical 
10;Defeated Tray Supplies;559.7;476.9;448.3;8;Tray Supplies;B;TPCE;Disposable Supplies ;Supplies 
11;Sulkiness Covers;354.3;289.8;272.4;13;Covers ;D;TPCE;Miscellaneous ; 
12;Travelings Photo Chemicals;274.4;242;225.1;9;Photo Chemicals;C;TPCE;Chemicals ;Chemical 
13;Coward Covers ;429.8;349;328.1;13;Covers ;D;TPCE;Miscellaneous ; 
14;Engle Photo Chemicals ;429.9;346.1;342.6;9;Photo Chemicals;C;TPCE;Chemicals ;Chemical 
15;Disposed Fillers;158.8;138;132.5;12;Fillers;D;TPCE;Miscellaneous ; 
16;Enhanced Covers ;461;384.4;361.4;13;Covers ;D;TPCE;Miscellaneous ; 
17;Optima Cleaning Supplies;288.4;255.5;242.8;5;Cleaning Supplies;B;TPCE;Disposable Supplies ;Supplies 
18;Miniaturizing Manufacturing Equip ;456.2;379.6;353;2;Manufacturing Equip;A;TPCE;Processing Equipment;Equipment
19;Hesitating Jacks;124.5;100.1;96.1;15;Jacks;D;TPCE;Miscellaneous ; 
20;Flake Photo Equipment ;232.3;204.4;194.2;1;Photo Equipment;A;TPCE;Processing Equipment;Equipment
21;Denigrating Polishing Equipment ;566;454.5;427.2;3;Polishing Equipment;A;TPCE;Processing Equipment;Equipment
22;Whippers Covers ;488.6;410.4;389.9;13;Covers ;D;TPCE;Miscellaneous ; 
23;Decided Tray Supplies ;233.3;202.3;198.2;8;Tray Supplies;B;TPCE;Disposable Supplies ;Supplies 
24;Bandage Manufacturing Equip ;298;267;253.7;2;Manufacturing Equip;A;TPCE;Processing Equipment;Equipment
25;Chalmers Polishing Equipment;289.2;242.6;223.2;3;Polishing Equipment;A;TPCE;Processing Equipment;Equipment
26;Subclasses Polishing Equipment;282.5;239;236.6;3;Polishing Equipment;A;TPCE;Processing Equipment;Equipment
27;Pinnings Plastic Supplies ;337.2;302.4;287.3;7;Plastic Supplies ;B;TPCE;Disposable Supplies ;Supplies 
28;Wonderingly Covers;547.2;467.3;453.3;13;Covers ;D;TPCE;Miscellaneous ; 
29;Bluest Fillers;507.4;428.2;398.2;12;Fillers;D;TPCE;Miscellaneous ; 
30;Detectives Jacks;283.3;248.5;236.1;15;Jacks;D;TPCE;Miscellaneous ; 
31;Simplifier Tray Supplies;408.8;349.1;328.2;8;Tray Supplies;B;TPCE;Disposable Supplies ;Supplies 
32;Chartable Photo Equipment ;410.2;347.4;312.7;1;Photo Equipment;A;TPCE;Processing Equipment;Equipment
33;Consumable Tray Supplies;395.7;347.4;337;8;Tray Supplies;B;TPCE;Disposable Supplies ;Supplies 
34;Sailors Manufacturing Equip ;340.5;290.4;278.8;2;Manufacturing Equip;A;TPCE;Processing Equipment;Equipment
35;Chromium Photo Equipment;565.5;457.5;425.5;1;Photo Equipment;A;TPCE;Processing Equipment;Equipment
36;Bomber Photo Equipment;461.3;400.4;380.4;1;Photo Equipment;A;TPCE;Processing Equipment;Equipment
37;Concentrators Polishing Equipment ;584.6;524.9;482.9;3;Polishing Equipment;A;TPCE;Processing Equipment;Equipment
38;Syntax Polishing Equipment;226.7;190.9;177.5;3;Polishing Equipment;A;TPCE;Processing Equipment;Equipment
39;Overlays Plastic Supplies ;301.1;254.4;241.7;7;Plastic Supplies ;B;TPCE;Disposable Supplies ;Supplies 
40;Insensitivity Manufacturing Equip ;200.7;180.4;169.6;2;Manufacturing Equip;A;TPCE;Processing Equipment;Equipment
41;Consideration Tray Supplies ;172.6;146.8;139.5;8;Tray Supplies;B;TPCE;Disposable Supplies ;Supplies 
42;Carelessly Freezing Chemicals ;559.7;467.9;425.8;11;Freezing Chemicals ;C;TPCE;Chemicals ;Chemical 
43;Blazed Covers ;495;416.8;404.3;13;Covers ;D;TPCE;Miscellaneous ; 
44;Birthdays Manufacturing Equip ;196.6;173.2;161.1;2;Manufacturing Equip;A;TPCE;Processing Equipment;Equipment
45;Slacking Jacks;495;400;388;15;Jacks;D;TPCE;Miscellaneous ; 
46;Distantly Paper Supplies;518.5;436.1;418.6;6;Paper Supplies ;B;TPCE;Disposable Supplies ;Supplies 
47;Significants Freezing Chemicals ;141.6;113.2;104.2;11;Freezing Chemicals ;C;TPCE;Chemicals ;Chemical 
48;Patriarchal Cleaning Supplies ;351.5;284.8;264.8;5;Cleaning Supplies;B;TPCE;Disposable Supplies ;Supplies 
49;Visage Flushing Chemicals ;567.8;507.6;467;10;Flushing Chemicals ;C;TPCE;Chemicals ;Chemical 
50;Restarts Paper Supplies ;524.4;448.3;425.9;6;Paper Supplies ;B;TPCE;Disposable Supplies ;Supplies 
51;Reflection Lifts;497.9;447.6;438.6;14;Lifts;D;TPCE;Miscellaneous ; 
52;Identical Freezing Chemicals;578.1;465.9;447.3;11;Freezing Chemicals ;C;TPCE;Chemicals ;Chemical 
53;Ruffle Freezing Chemicals ;476.4;394.9;379.1;11;Freezing Chemicals ;C;TPCE;Chemicals ;Chemical 
54;Honeymoon Photo Chemicals ;326.1;292.2;271.8;9;Photo Chemicals;C;TPCE;Chemicals ;Chemical 
55;Bumblers Plastic Supplies ;545.3;466.2;447.6;7;Plastic Supplies ;B;TPCE;Disposable Supplies ;Supplies 
56;Allis Polishing Equipment ;201.8;176.3;160.5;3;Polishing Equipment;A;TPCE;Processing Equipment;Equipment
57;South Tray Supplies ;241.3;205.1;203.1;8;Tray Supplies;B;TPCE;Disposable Supplies ;Supplies 
58;Characterization Plastic Supplies ;231.7;185.6;168.9;7;Plastic Supplies ;B;TPCE;Disposable Supplies ;Supplies 
59;Tonnage Plastic Supplies;368.8;315.6;309.3;7;Plastic Supplies ;B;TPCE;Disposable Supplies ;Supplies 
60;Habitually Manufacturing Equip;509.3;419.1;394;2;Manufacturing Equip;A;TPCE;Processing Equipment;Equipment
61;Courthouses Manufacturing Equip ;285.6;243.6;231.4;2;Manufacturing Equip;A;TPCE;Processing Equipment;Equipment
62;Substances Flushing Chemicals ;507.3;409.9;397.6;10;Flushing Chemicals ;C;TPCE;Chemicals ;Chemical 
63;Weeks Polishing Equipment ;198.8;174.2;168.9;3;Polishing Equipment;A;TPCE;Processing Equipment;Equipment
64;Berwick Fillers ;583.9;487.5;463.1;12;Fillers;D;TPCE;Miscellaneous ; 
65;Extinguisher Manufacturing Equip;120.4;98.4;90.5;2;Manufacturing Equip;A;TPCE;Processing Equipment;Equipment
66;Exemplar Freezing Chemicals ;198.4;160.9;152.8;11;Freezing Chemicals ;C;TPCE;Chemicals ;Chemical 
67;Occlusion Manufacturing Equip ;199.9;177.3;164.9;2;Manufacturing Equip;A;TPCE;Processing Equipment;Equipment
68;Loaves Polishing Equipment;425.6;361.3;354.1;3;Polishing Equipment;A;TPCE;Processing Equipment;Equipment
69;Hits Tray Supplies;439.5;359.1;341.1;8;Tray Supplies;B;TPCE;Disposable Supplies ;Supplies 
70;Escape Manufacturing Equip;584.4;523.6;507.9;2;Manufacturing Equip;A;TPCE;Processing Equipment;Equipment
71;Simulations Photo Equipment ;318.4;255.7;245.4;1;Photo Equipment;A;TPCE;Processing Equipment;Equipment
72;Anthem Tray Supplies;134.9;112.4;109;8;Tray Supplies;B;TPCE;Disposable Supplies ;Supplies 
73;Cosgrove Jacks;298.9;267.8;254.4;15;Jacks;D;TPCE;Miscellaneous ; 
74;Flanker Fillers ;271.4;236.2;219.6;12;Fillers;D;TPCE;Miscellaneous ; 
75;Deferrable Freezing Chemicals ;145;124.4;113.2;11;Freezing Chemicals ;C;TPCE;Chemicals ;Chemical 
76;Scrounge Jacks;301.6;251.2;248.7;15;Jacks;D;TPCE;Miscellaneous ; 
77;Vastest Photo Equipment ;498.1;442.3;420.2;1;Photo Equipment;A;TPCE;Processing Equipment;Equipment
78;Measured Photo Chemicals;318.1;270.7;254.4;9;Photo Chemicals;C;TPCE;Chemicals ;Chemical 
79;Siena Plastic Supplies;155;136.4;132.3;7;Plastic Supplies ;B;TPCE;Disposable Supplies ;Supplies 
80;Temporally Plastic Supplies ;477.5;408.3;371.5;7;Plastic Supplies ;B;TPCE;Disposable Supplies ;Supplies 
81;Palm Polishing Equipment;122.4;105.4;103.3;3;Polishing Equipment;A;TPCE;Processing Equipment;Equipment
82;Numerals Covers ;102.9;89;83.6;13;Covers ;D;TPCE;Miscellaneous ; 
83;Horses Lifts;487.3;402.5;366.3;14;Lifts;D;TPCE;Miscellaneous ; 
84;Unjust Paper Supplies ;222.5;182.2;176.7;6;Paper Supplies ;B;TPCE;Disposable Supplies ;Supplies 
85;Disallow Manufacturing Equip;165.2;145.9;144.4;2;Manufacturing Equip;A;TPCE;Processing Equipment;Equipment
86;Soya Cleaning Supplies;406.9;345.9;345.9;5;Cleaning Supplies;B;TPCE;Disposable Supplies ;Supplies 
87;Suing Manufacturing Equip ;482.2;426.7;401.1;2;Manufacturing Equip;A;TPCE;Processing Equipment;Equipment
88;Vestiges Tray Supplies;231.4;192.1;186.3;8;Tray Supplies;B;TPCE;Disposable Supplies ;Supplies 
89;Travel Paper Supplies ;129.8;108.8;103.4;6;Paper Supplies ;B;TPCE;Disposable Supplies ;Supplies 
90;Curiouser Cleaning Supplies ;419.4;364.4;338.9;5;Cleaning Supplies;B;TPCE;Disposable Supplies ;Supplies 
91;Scribble Plastic Supplies ;492.4;405.7;397.6;7;Plastic Supplies ;B;TPCE;Disposable Supplies ;Supplies 
92;Behind Tray Supplies;166.7;139;129.3;8;Tray Supplies;B;TPCE;Disposable Supplies ;Supplies 
93;Bellowing Polishing Equipment ;502.6;451.3;446.8;3;Polishing Equipment;A;TPCE;Processing Equipment;Equipment
94;Beliefs Freezing Chemicals;566.6;483.9;454.9;11;Freezing Chemicals ;C;TPCE;Chemicals ;Chemical 
95;Duplicator Polishing Equipment;544.3;465.4;432.8;3;Polishing Equipment;A;TPCE;Processing Equipment;Equipment
96;Drafty Cleaning Supplies;107.1;92.7;89;5;Cleaning Supplies;B;TPCE;Disposable Supplies ;Supplies 
97;Stickiest Paper Supplies;575.9;502.8;467.6;6;Paper Supplies ;B;TPCE;Disposable Supplies ;Supplies 
98;Barrels Flushing Chemicals;135.1;116.6;108.4;10;Flushing Chemicals ;C;TPCE;Chemicals ;Chemical 
99;Richards Freezing Chemicals ;529.4;475.4;470.6;11;Freezing Chemicals ;C;TPCE;Chemicals ;Chemical 
100;Pervasively Manufacturing Equip ;374.1;334.9;308.1;2;Manufacturing Equip;A;TPCE;Processing Equipment;Equipment
1;Enumerator Polishing Equipment;165;142.5;135.4;3;Polishing Equipment;A;TPCW;Processing Equipment;Equipment
2;Tailor Jacks;509.8;429.7;399.7;15;Jacks;D;TPCW;Miscellaneous ; 
3;Sortie Covers ;248.2;213.2;206.8;13;Covers ;D;TPCW;Miscellaneous ; 
4;Embodying Cleaning Supplies ;250.9;213.5;207.1;5;Cleaning Supplies;B;TPCW;Disposable Supplies ;Supplies 
5;Automobiles Fillers ;283.8;227.6;218.5;12;Fillers;D;TPCW;Miscellaneous ; 
6;Planetesimal Manufacturing Equip;347.3;307;285.5;2;Manufacturing Equip;A;TPCW;Processing Equipment;Equipment
7;Commendation Fillers;436.3;380;364.8;12;Fillers;D;TPCW;Miscellaneous ; 
8;Septembers Manufacturing Equip;584.3;523;517.8;2;Manufacturing Equip;A;TPCW;Processing Equipment;Equipment
9;Millimeters Flushing Chemicals;295.6;251.8;241.8;10;Flushing Chemicals ;C;TPCW;Chemicals ;Chemical 
10;Defeated Tray Supplies;559.7;476.9;448.3;8;Tray Supplies;B;TPCW;Disposable Supplies ;Supplies 
11;Sulkiness Covers;354.3;289.8;272.4;13;Covers ;D;TPCW;Miscellaneous ; 
12;Travelings Photo Chemicals;274.4;242;225.1;12;Fillers;D;TPCW;Miscellaneous ; 
13;Coward Covers ;429.8;349;328.1;13;Covers ;D;TPCW;Miscellaneous ; 
14;Engle Photo Chemicals ;429.9;346.1;342.6;9;Photo Chemicals;C;TPCW;Chemicals ;Chemical 
15;Disposed Fillers;158.8;138;132.5;12;Fillers;D;TPCW;Miscellaneous ; 
16;Enhanced Covers ;461;384.4;361.4;13;Covers ;D;TPCW;Miscellaneous ; 
17;Optima Cleaning Supplies;288.4;255.5;242.8;5;Cleaning Supplies;B;TPCW;Disposable Supplies ;Supplies 
18;Miniaturizing Manufacturing Equip ;456.2;379.6;353;2;Manufacturing Equip;A;TPCW;Processing Equipment;Equipment
19;Hesitating Jacks;124.5;100.1;96.1;15;Jacks;D;TPCW;Miscellaneous ; 
20;Flake Photo Equipment ;232.3;204.4;194.2;1;Photo Equipment;A;TPCW;Processing Equipment;Equipment
21;Denigrating Polishing Equipment ;566;454.5;427.2;3;Polishing Equipment;A;TPCW;Processing Equipment;Equipment
22;Whippers Covers ;488.6;410.4;389.9;13;Covers ;D;TPCW;Miscellaneous ; 
23;Decided Tray Supplies ;233.3;202.3;198.2;8;Tray Supplies;B;TPCW;Disposable Supplies ;Supplies 
24;Bandage Manufacturing Equip ;298;267;253.7;2;Manufacturing Equip;A;TPCW;Processing Equipment;Equipment
25;Chalmers Polishing Equipment;289.2;242.6;223.2;3;Polishing Equipment;A;TPCW;Processing Equipment;Equipment
26;Subclasses Polishing Equipment;282.5;239;236.6;3;Polishing Equipment;A;TPCW;Processing Equipment;Equipment
27;Pinnings Plastic Supplies ;337.2;302.4;287.3;7;Plastic Supplies ;B;TPCW;Disposable Supplies ;Supplies 
28;Wonderingly Covers;547.2;467.3;453.3;13;Covers ;D;TPCW;Miscellaneous ; 
29;Bluest Fillers;507.4;428.2;398.2;12;Fillers;D;TPCW;Miscellaneous ; 
30;Detectives Jacks;283.3;248.5;236.1;15;Jacks;D;TPCW;Miscellaneous ; 
31;Simplifier Tray Supplies;408.8;349.1;328.2;8;Tray Supplies;B;TPCW;Disposable Supplies ;Supplies 
32;Chartable Photo Equipment ;410.2;347.4;312.7;1;Photo Equipment;A;TPCW;Processing Equipment;Equipment
33;Consumable Tray Supplies;395.7;347.4;337;8;Tray Supplies;B;TPCW;Disposable Supplies ;Supplies 
34;Sailors Manufacturing Equip ;340.5;290.4;278.8;2;Manufacturing Equip;A;TPCW;Processing Equipment;Equipment
35;Chromium Photo Equipment;565.5;457.5;425.5;1;Photo Equipment;A;TPCW;Processing Equipment;Equipment
36;Bomber Photo Equipment;461.3;400.4;380.4;1;Photo Equipment;A;TPCW;Processing Equipment;Equipment
37;Concentrators Polishing Equipment ;584.6;524.9;482.9;3;Polishing Equipment;A;TPCW;Processing Equipment;Equipment
38;Syntax Polishing Equipment;226.7;190.9;177.5;3;Polishing Equipment;A;TPCW;Processing Equipment;Equipment
39;Overlays Plastic Supplies ;301.1;254.4;241.7;7;Plastic Supplies ;B;TPCW;Disposable Supplies ;Supplies 
40;Insensitivity Manufacturing Equip ;200.7;180.4;169.6;2;Manufacturing Equip;A;TPCW;Processing Equipment;Equipment
41;Consideration Tray Supplies ;172.6;146.8;139.5;8;Tray Supplies;B;TPCW;Disposable Supplies ;Supplies 
42;Carelessly Freezing Chemicals ;559.7;467.9;425.8;11;Freezing Chemicals ;C;TPCW;Chemicals ;Chemical 
43;Blazed Covers ;495;416.8;404.3;13;Covers ;D;TPCW;Miscellaneous ; 
44;Birthdays Manufacturing Equip ;196.6;173.2;161.1;2;Manufacturing Equip;A;TPCW;Processing Equipment;Equipment
45;Slacking Jacks;495;400;388;15;Jacks;D;TPCW;Miscellaneous ; 
46;Distantly Paper Supplies;518.5;436.1;418.6;6;Paper Supplies ;B;TPCW;Disposable Supplies ;Supplies 
47;Significants Freezing Chemicals ;141.6;113.2;104.2;11;Freezing Chemicals ;C;TPCW;Chemicals ;Chemical 
48;Patriarchal Cleaning Supplies ;351.5;284.8;264.8;5;Cleaning Supplies;B;TPCW;Disposable Supplies ;Supplies 
49;Visage Flushing Chemicals ;567.8;507.6;467;10;Flushing Chemicals ;C;TPCW;Chemicals ;Chemical 
50;Restarts Paper Supplies ;524.4;448.3;425.9;6;Paper Supplies ;B;TPCW;Disposable Supplies ;Supplies 
51;Reflection Lifts;497.9;447.6;438.6;14;Lifts;D;TPCW;Miscellaneous ; 
52;Identical Freezing Chemicals;578.1;465.9;447.3;11;Freezing Chemicals ;C;TPCW;Chemicals ;Chemical 
53;Ruffle Freezing Chemicals ;476.4;394.9;379.1;11;Freezing Chemicals ;C;TPCW;Chemicals ;Chemical 
54;Honeymoon Photo Chemicals ;326.1;292.2;271.8;9;Photo Chemicals;C;TPCW;Chemicals ;Chemical 
55;Bumblers Plastic Supplies ;545.3;466.2;447.6;7;Plastic Supplies ;B;TPCW;Disposable Supplies ;Supplies 
56;Allis Polishing Equipment ;201.8;176.3;160.5;3;Polishing Equipment;A;TPCW;Processing Equipment;Equipment
57;South Tray Supplies ;241.3;205.1;203.1;8;Tray Supplies;B;TPCW;Disposable Supplies ;Supplies 
58;Characterization Plastic Supplies ;231.7;185.6;168.9;7;Plastic Supplies ;B;TPCW;Disposable Supplies ;Supplies 
59;Tonnage Plastic Supplies;368.8;315.6;309.3;7;Plastic Supplies ;B;TPCW;Disposable Supplies ;Supplies 
60;Habitually Manufacturing Equip;509.3;419.1;394;2;Manufacturing Equip;A;TPCW;Processing Equipment;Equipment
61;Courthouses Manufacturing Equip ;285.6;243.6;231.4;2;Manufacturing Equip;A;TPCW;Processing Equipment;Equipment
62;Substances Flushing Chemicals ;507.3;409.9;397.6;10;Flushing Chemicals ;C;TPCW;Chemicals ;Chemical 
63;Weeks Polishing Equipment ;198.8;174.2;168.9;3;Polishing Equipment;A;TPCW;Processing Equipment;Equipment
64;Berwick Fillers ;583.9;487.5;463.1;12;Fillers;D;TPCW;Miscellaneous ; 
65;Extinguisher Manufacturing Equip;120.4;98.4;90.5;2;Manufacturing Equip;A;TPCW;Processing Equipment;Equipment
66;Exemplar Freezing Chemicals ;198.4;160.9;152.8;11;Freezing Chemicals ;C;TPCW;Chemicals ;Chemical 
67;Occlusion Manufacturing Equip ;199.9;177.3;164.9;2;Manufacturing Equip;A;TPCW;Processing Equipment;Equipment
68;Loaves Polishing Equipment;425.6;361.3;354.1;3;Polishing Equipment;A;TPCW;Processing Equipment;Equipment
69;Hits Tray Supplies;439.5;359.1;341.1;8;Tray Supplies;B;TPCW;Disposable Supplies ;Supplies 
70;Escape Manufacturing Equip;584.4;523.6;507.9;2;Manufacturing Equip;A;TPCW;Processing Equipment;Equipment
71;Simulations Photo Equipment ;318.4;255.7;245.4;1;Photo Equipment;A;TPCW;Processing Equipment;Equipment
72;Anthem Tray Supplies;134.9;112.4;109;8;Tray Supplies;B;TPCW;Disposable Supplies ;Supplies 
73;Cosgrove Jacks;298.9;267.8;254.4;15;Jacks;D;TPCW;Miscellaneous ; 
74;Flanker Fillers ;271.4;236.2;219.6;12;Fillers;D;TPCW;Miscellaneous ; 
75;Deferrable Freezing Chemicals ;145;124.4;113.2;11;Freezing Chemicals ;C;TPCW;Chemicals ;Chemical 
76;Scrounge Jacks;301.6;251.2;248.7;15;Jacks;D;TPCW;Miscellaneous ; 
77;Vastest Photo Equipment ;498.1;442.3;420.2;1;Photo Equipment;A;TPCW;Processing Equipment;Equipment
78;Measured Photo Chemicals;318.1;270.7;254.4;9;Photo Chemicals;C;TPCW;Chemicals ;Chemical 
79;Siena Plastic Supplies;155;136.4;132.3;7;Plastic Supplies ;B;TPCW;Disposable Supplies ;Supplies 
80;Temporally Plastic Supplies ;477.5;408.3;371.5;7;Plastic Supplies ;B;TPCW;Disposable Supplies ;Supplies 
81;Palm Polishing Equipment;122.4;105.4;103.3;3;Polishing Equipment;A;TPCW;Processing Equipment;Equipment
82;Numerals Covers ;102.9;89;83.6;13;Covers ;D;TPCW;Miscellaneous ; 
83;Horses Lifts;487.3;402.5;366.3;14;Lifts;D;TPCW;Miscellaneous ; 
84;Unjust Paper Supplies ;222.5;182.2;176.7;6;Paper Supplies ;B;TPCW;Disposable Supplies ;Supplies 
85;Disallow Manufacturing Equip;165.2;145.9;144.4;2;Manufacturing Equip;A;TPCW;Processing Equipment;Equipment
86;Soya Cleaning Supplies;406.9;345.9;345.9;5;Cleaning Supplies;B;TPCW;Disposable Supplies ;Supplies 
87;Suing Manufacturing Equip ;482.2;426.7;401.1;2;Manufacturing Equip;A;TPCW;Processing Equipment;Equipment
88;Vestiges Tray Supplies;231.4;192.1;186.3;8;Tray Supplies;B;TPCW;Disposable Supplies ;Supplies 
89;Travel Paper Supplies ;129.8;108.8;103.4;6;Paper Supplies ;B;TPCW;Disposable Supplies ;Supplies 
90;Curiouser Cleaning Supplies ;419.4;364.4;338.9;5;Cleaning Supplies;B;TPCW;Disposable Supplies ;Supplies 
91;Scribble Plastic Supplies ;492.4;405.7;397.6;7;Plastic Supplies ;B;TPCW;Disposable Supplies ;Supplies 
92;Behind Tray Supplies;166.7;139;129.3;8;Tray Supplies;B;TPCW;Disposable Supplies ;Supplies 
93;Bellowing Polishing Equipment ;502.6;451.3;446.8;3;Polishing Equipment;A;TPCW;Processing Equipment;Equipment
94;Beliefs Freezing Chemicals;566.6;483.9;454.9;11;Freezing Chemicals ;C;TPCW;Chemicals ;Chemical 
95;Duplicator Polishing Equipment;544.3;465.4;432.8;3;Polishing Equipment;A;TPCW;Processing Equipment;Equipment
96;Drafty Cleaning Supplies;107.1;92.7;89;5;Cleaning Supplies;B;TPCW;Disposable Supplies ;Supplies 
97;Stickiest Paper Supplies;575.9;502.8;467.6;6;Paper Supplies ;B;TPCW;Disposable Supplies ;Supplies 
98;Barrels Flushing Chemicals;135.1;116.6;108.4;10;Flushing Chemicals ;C;TPCW;Chemicals ;Chemical 
99;Richards Freezing Chemicals ;529.4;475.4;470.6;11;Freezing Chemicals ;C;TPCW;Chemicals ;Chemical 
100;Pervasively Manufacturing Equip ;374.1;334.9;308.1;2;Manufacturing Equip;A;TPCW;Processing Equipment;Equipment
103;Whale Lifts ;493.4;406.8;385.4;14;Lifts;D;TPCW;Miscellaneous ; 
104;LCARS Covers;289.4;231.4;211.8;13;Covers ;D;TPCW;Miscellaneous ; 
105;Just Paper Supplies ;278.6;201.3;192.7;6;Paper Supplies ;B;TPCW;Disposable Supplies ;Supplies 
;;;;;;;;;;
